Student,Math,Science,English,Total,Average,Grade
Eva,95,89,98,282,94.0,A
Alice,85,88,75,248,82.66666666666667,B
Charlie,90,85,70,245,81.66666666666667,B
Bob,78,72,80,230,76.66666666666667,B
David,66,70,60,196,65.33333333333333,C
